-- Active: 1668429872052@@127.0.0.1@3306@online_shop
INSERT INTO pengguna (id_pengguna, nama_pengguna, email_pengguna, password_pengguna) VALUES
(01, 'Rara', 'rara17@gmail.com', 'rarapoh90'),
(02, 'Danar', 'dna113@gmail.com', 'apaajadeh78'),
(03, 'Azka', 'azka89@gmail.com', 'beliiniphonedulu33'),
(04, 'Nada', 'ndda10@gmail.com', 'apahayo77'),
(05, 'Ishma', 'mama134@gmail.com', 'kamunanya22'),
(06, 'Fazat', 'fzz34@gmail.com', 'janjigakmnkmn26'),
(07, 'Naima', 'kiyowo24@gmail.com', 'adaadaada34'),
(08, 'Hanifa', 'anyong89@gmail.com', 'Wanitaseutuhnya78'),
(09, 'Zulafin', 'oppaminho45@gmail.com', 'janjimanismu8'),
(10, 'Syifaul', 'paul16@gmail.com', 'apaya09'),
(11, 'Aji', 'jiji13@gmail.com', 'gataulagi35'),
(12, 'Marif', 'hanhan89@gmail.com', 'apalagiya2681'),
(13, 'Anjani', 'jania3456@gmail.com', 'bingungbgt37928'),
(14, 'Lala', 'lala56@gmail.com', 'gataulagi90'),
(15, 'Afifah', 'fah29@gmail.com', 'fahfah78'),
(16, 'Farah', 'farahd345@gmail.com', 'qapalagi'),
(17, 'Aulia', 'aul90@gmail.com', 'yayaya78'),
(18, 'Putri', 'uti76@gmail.com', 'mauga78'),
(19, 'Nabila', 'bilbil87@gmail.com', 'apaapaapa89'),
(20, 'Declan', 'declan7@gmail.com', 'wawawa78');

INSERT INTO pembeli (id_pembeli, id_penggunaFK, nama_pembeli, alamat_pembeli, telp_pembeli) VALUES
(01, 05, 'Ishma', 'Jl. Jendral No. 09 Bandung, Jawa Barat', '08634596196'),
(02, 08, 'Hanifa', 'Jl. Pahlawan No. 35 Surakarta, Jawa Tengah', '085357356896'),
(03, 07, 'Naima', 'Jl. Jendral No. 78 Boyolali, Jawa Tengah', '08797405395'),
(04, 10, 'Syifaul', 'Jl. Manggis No. 06 Klaten, Jawa Tengah', '081135278008'),
(05, 13, 'Anjani', 'Jl. Badak No. 13 Semarang, Jawa Tengah', '081916028725'),
(06, 20, 'Declan', 'Jl. Patimura No. 01 Surabaya, Jawa Timur', '086482789018'),
(07, 19, 'Nabila', 'Jl. Jeruk No. 45 Malang, Jawa Tengah', '089916824679'),
(08, 18, 'Putri', 'Jl. Jambu No. 34 Klaten, Jawa Tengah', '087098765432'),
(09, 17, 'Aulia', 'Jl. Sirsak No. 24 Surakarta, Jawa Tengah', '083135780246'),
(10, 16, 'Farah', 'Jl. Taman Sari No. 14 Boyolai, Jawa Tengah', '0857678905432');

INSERT INTO produk (id_produk, id_penggunaFK, id_pembeliFK, nama_produk, kategori_produk, harga_produk) VALUES
(009, 01, 05, 'Giv', 'Sabun Mandi', 'Rp 5000,-'),
(892, 02, 08, 'Bimoli', 'Minyak Goreng', 'Rp 20000,-'),
(151, 03, 07, 'Filma', 'Minyak Goreng', 'Rp 18000,-'),
(678, 04, 10, 'Sunco', 'Minyak Goreng', 'Rp 25000,-'),
(505, 05, 13, 'Pantene', 'Shampo', 'Rp 11000,-'),
(687, 06, 20, 'Nuvo', 'Sabun Mandi', 'Rp 3000,-'),
(160, 07, 19, 'Citra', 'Sabun Mandi', 'Rp 5000,-'),
(001, 08, 18, 'Makarizo', 'Shampo', 'Rp 20000,-'),
(891, 09, 17, 'Mie Sedap', 'Makanan', 'Rp 2000,-'),
(201, 10, 16, 'Lux', 'Sabun Mandi', 'Rp 2000,-');

INSERT INTO penjualan (id_penjualan, id_pembeliFK, id_penggunaFK, id_ProdukFK, id_pembeli, nama_produk, kategori_produk, jumlah_produk, waktu) VALUES
(001, 05, 01, 009, 0001, 'Giv', 'Sabun Mandi', 10, curdate()),
(002, 05, 01, 001, 0002, 'Makarizo', 'Shampo', 2, curdate()),
(003, 05, 01, 001, 0003, 'Makarizo', 'Shampo', 5, curdate()),
(004, 08, 02, 892, 0004, 'Bimoli', 'Minyak Goreng', 5, curdate()),
(005, 08, 02, 201, 0005, 'Lux', 'Sabun Mandi', 7, curdate()),
(006, 07, 03, 151, 0006, 'Filma', 'Minyak Goreng', 8, curdate()),
(007, 07, 03, 151, 0007, 'Filma', 'Minyak Goreng', 5, curdate()),
(008, 07, 03, 891, 0008, 'Mie Sedap', 'Makanan', 1, curdate()),
(009, 07, 03, 687, 0009, 'Nuvo', 'Sabun Mandi', 1, curdate()),
(010, 07, 03, 160, 0010, 'Citra', 'Sabun Mandi', 1, curdate()),
(011, 10, 04, 001, 0011, 'Makarizo', 'Shampo', 5, curdate()),
(012, 10, 04, 678, 0012, 'Sunco', 'Minyak Goreng', 1, curdate()),
(013, 13, 05, 505, 0013, 'Pantene', 'Shampo', 5, curdate()),
(014, 13, 05, 151, 0014, 'Filma', 'Minyak Goreng', 2, curdate()),
(015, 13, 05, 891, 0015, 'Mie Sedap', 'Makanan', 3, curdate()),
(016, 20, 06, 687, 0016, 'Nuvo', 'Sabun Mandi', 4, curdate()),
(017, 20, 06, 160, 0017, 'Citra', 'Sabun Mandi', 6, curdate()),
(018, 20, 06, 001, 0018, 'Makarizo', 'Shampo', 8, curdate()),
(019, 20, 06, 891, 0019, 'Mie Sedap', 'Makanan', 1, curdate()),
(020, 19, 07, 160, 0020, 'Citra', 'Sabun Mandi', 8, curdate()),
(021, 19, 07, 001, 0021, 'Makarizo', 'Shampo', 9, curdate()),
(022, 19, 07, 891, 0022, 'Mie Sedap', 'Makanan', 10, curdate()),
(023, 18, 08, 001, 0023, 'Makarizo', 'Shampo', 1, curdate()),
(024, 18, 08, 891, 0024, 'Mie Sedap', 'Makanan', 1, curdate()),
(025, 17, 09, 001, 0025, 'Makarizo', 'Shampo', 1, curdate()),
(026, 17, 09, 891, 0026, 'Mie Sedap', 'Makanan', 1, curdate()),
(027, 17, 09, 001, 0027, 'Makarizo', 'Shampo', 7, curdate()),
(028, 16, 10, 891, 0028, 'Mie Sedap', 'Makanan', 1, curdate()),
(029, 16, 10, 201, 0029, 'Lux', 'Sabun Mandi', 6, curdate()),
(030, 16, 10, 001, 0030, 'Makarizo', 'Shampo', 4, curdate());
